C,CB,DE,DT,FS,G,ILB,K,LB,LS,LT,OLB,P,QB,RB,RT,S,SS,T,TE,WR,OL,FB,WLB,KR,Team,Year
6814547,11011458,13779448,6571196,17866168,7584816,8181012,2750000,6064350,1526892,15054167,12629631,897779,21446542,12900212,5100446,1996442,5267750,1630549,16219911,42830460,0,0,0,0,arizona-cardinals,2023
1483716,12117772,25115831,13374732,15837500,15952183,14393148,3040000,12009666,752166,6638913,2152343,3300000,14477288,6701220,1225381,1276035,11496666,1440497,18108944,31483977,0,2600000,0,0,seattle-seahawks,2023
3266333,25067882,5694575,31510202,0,7542107,9676898,933547,2079000,905887,2000000,20576156,797001,21972717,4629142,10649961,2844507,3725678,7705333,9948681,45648951,0,0,0,0,los-angeles-rams,2023
7003667,13529015,29194051,15844302,8495000,3596402,12194666,976378,9006337,1255000,13616279,10041245,1800000,16054956,7357419,2537765,2863099,1981094,1344368,13485151,20619723,0,6716547,0,0,san-francisco-49ers,2023
5522500,21888844,14366580,13330046,6445995,11007198,1569856,2248111,3346720,1157854,6265466,38443828,2148666,9411259,23419011,14709582,3531083,5030576,2041431,8306669,37640667,0,940000,0,0,carolina-panthers,2023
4999828,16884642,10869799,32340116,9500000,17597850,21200791,4762000,471999,870000,21233823,13253347,2671978,9948855,11703861,6494165,2147360,2255009,2073344,18067928,12127735,0,1165000,0,0,atlanta-falcons,2023
4733333,18883071,39798966,14892202,7591060,16237448,9053131,3250400,3155041,1545000,9975390,3153729,1355000,12933329,13356874,12149568,2530547,6147444,1454713,13044275,24831368,0,453776,0,0,new-orleans-saints,2023
7264495,14236969,12952045,12723875,2124979,8395700,20393000,1740000,3632515,1243000,11663132,16905311,1040080,39039547,9577813,2274315,2739192,1092500,2979991,7623564,44038736,0,0,0,0,tampa-bay-buccaneers,2023
417119,10583758,42440870,13830901,17202700,30891473,19502778,5120666,6332724,1113100,813221,2072574,889252,9907119,7827723,9426492,2126609,1995324,728405,12498689,29574214,0,2216333,0,0,chicago-bears,2023
2280460,11133221,14814822,18560486,1119453,8851240,6930000,2011666,3281012,1296666,3639856,27884309,871666,24428495,11523713,10749690,4632307,11827636,4284953,9938832,29960728,0,2716666,0,0,minnesota-vikings,2023
1527189,24007177,5441857,18112073,8000000,11072946,9599324,1794194,2222445,1280000,20994925,24684929,1225000,45769884,11421147,1866085,4483589,3454200,4512637,6831306,9442975,0,301834,0,0,green-bay-packers,2023
16450000,19671709,19761589,9838565,6321667,12286160,2494112,1570930,5155044,1616200,19350000,11142840,1965000,36165426,9193203,6572473,8930330,1146568,3700876,4919628,22711217,0,2445215,0,0,detroit-lions,2023
5956879,33674282,21803256,33527162,6092254,10585219,0,2350000,6712095,953008,10850000,5737616,3500000,9761011,7860567,4166666,5181510,3020332,920667,12579492,33122594,0,803642,0,0,washington-commanders,2023
1708788,28866557,31714784,12725638,940000,15236879,2647536,5322650,6320588,1102500,0,9297203,1600000,23447511,13951809,6882155,1944233,2669879,11055443,6456892,39245316,0,301670,0,0,new-york-giants,2023
12345869,30581823,20674783,44120940,3594522,23606454,3681582,3382000,1696579,1215000,7471000,11578612,1166744,8896250,5451806,15341500,3355984,0,1817535,9453618,22664511,0,0,0,0,philadelphia-eagles,2023
3787595,30054417,32330637,7426213,4570576,15500758,0,753334,5811769,1232500,8005000,5197258,3000000,29897647,18236229,12492653,5604597,6220576,4939674,4685214,21598570,0,756666,0,0,dallas-cowboys,2023
14579066,24453607,3819053,22430365,2420302,6867164,8128390,1673334,3362585,1365000,5449916,35602797,1490000,10148900,10867459,3750000,2702513,10071533,1558332,12352181,34402984,1019445,0,0,0,los-angeles-chargers,2023
4690918,18643884,10385132,19104896,18150000,9711680,9601342,2931250,7494976,870000,17823529,17311722,1465000,25293666,7420273,6000000,3266192,2289167,4158667,6999623,37069696,0,1092500,0,0,denver-broncos,2023
7596500,10721127,37551785,14133339,4707500,5333684,10660333,4310333,5757834,1435000,17650000,2115609,2550000,14419345,22657946,7092185,3800750,2153184,3075774,7164395,36865202,0,1719944,0,0,las-vegas-raiders,2023
1888584,11017641,24764909,29510255,1328895,16678697,1657797,5128796,6212015,1320000,2700000,1976067,2627000,38483992,6394505,7032768,3975509,12700000,2945231,18085533,21193258,0,0,0,0,kansas-city-chiefs,2023
9866668,13041893,11990518,13952005,9803849,1969913,5516636,2915833,7003499,1092500,0,25283947,971946,39507689,19160104,2171110,3976061,9487515,12206269,6877268,23646386,0,1092500,0,0,tennessee-titans,2023
13248333,16561824,14654127,30394412,893846,16354238,19970000,3080000,6805021,1420000,0,4247500,2900000,30312744,11619700,20101092,3669971,2974609,2603798,9501403,12560702,0,0,0,0,indianapolis-colts,2023
1615349,24374971,8480436,17968058,1428136,17199638,13844405,2006667,2928412,1120000,20376028,24196124,2600000,12474931,6697085,3489731,3598251,6453279,1565038,7814203,38048711,0,0,0,0,jacksonville-jaguars,2023
5881230,22144665,10968510,18887054,8813451,13328318,7670630,4448976,4855523,1092500,26566704,10443430,3597433,10818320,7486979,15542129,1328747,4821906,1365985,6367376,37594769,0,2953908,0,0,houston-texans,2023
6565346,21952704,28941615,31337734,289800,13536287,1038424,1025928,12412200,876000,10354000,1214378,783334,21219730,11687261,16302470,1630872,2400000,460000,4940264,26873648,0,0,0,0,cincinnati-bengals,2023
7175499,21324765,36365589,4756353,1916667,18487317,4818342,5641666,6053324,940000,1114476,37692857,1112384,10305214,7002998,16156306,3469558,9475000,1640000,3762793,26253926,0,156333,583338,0,pittsburgh-steelers,2023
4431724,21354493,22925302,13521093,3356500,14195234,3464500,2780989,3471001,1338000,4439700,8225756,1941100,23932599,18686259,8917815,2871794,7595935,2841794,17106824,34497113,0,0,0,0,cleveland-browns,2023
4059899,22674942,12924983,10552624,0,8483052,18042958,5958333,8666,1340000,23668250,5743226,1044459,26024276,8116078,6694885,16048693,1221800,7009704,19359850,19619160,0,4139333,0,0,baltimore-ravens,2023
8889285,22617733,10890660,20504884,13097500,7607314,6664466,1555687,8190039,1506000,12213236,18155343,3272614,7976560,5374607,2685000,2225336,3647891,7813851,34569313,22394103,0,0,0,0,new-england-patriots,2023
3684927,23139581,17631354,12064274,6550403,13948786,21476000,2784400,10221810,1380000,11281882,2475444,2132886,20022501,10995085,12563046,1861748,9072500,2189213,15011650,20969991,0,1088300,0,0,new-york-jets,2023
9138954,31013319,18634765,16859147,5396220,10235408,13167466,2449000,7740568,1195112,11389568,15373371,1094167,13319648,9200230,5983808,2096999,1770000,3766675,6704222,34546958,0,2900000,0,0,miami-dolphins,2023
11739500,35885138,22478829,22601385,10783058,11844529,2071800,2076056,4763961,1082500,11985725,7437000,2177111,20179981,8915669,4054004,2755119,5222500,1116179,10965944,26473155,0,2028333,0,0,buffalo-bills,2023
12676798,11795968,24729416,3415583,0,14898566,15076629,4759943,1639752,1185522,13752438,12953351,1170667,16429425,7620490,3744821,20261263,0,1266501,8838375,28610156,0,0,0,0,arizona-cardinals,2022
2550086,33021697,12469514,32950398,1922010,7881727,4141584,2540000,825000,1004800,2833888,10247640,1903167,16649944,4836646,5886958,2941402,2894762,5375545,5781835,41611553,0,0,0,0,los-angeles-rams,2022
5346000,13949845,24074063,14347876,343754,12308776,8652415,5000000,1757568,2078174,8254588,10026765,4383059,31324221,12874311,1814805,2712333,17435000,823500,10307359,24627188,0,3354966,0,0,seattle-seahawks,2022
4660651,15501589,36764708,9772034,14897972,3960039,10179724,5520813,7435643,1120000,10597523,5829997,1706018,24397627,4996573,10880000,2633704,0,4864691,10698020,16706381,0,2958750,0,0,san-francisco-49ers,2022
3186255,13997231,9675707,17426748,1061729,6770502,17293937,3000000,955167,1200000,16589200,4032535,1529536,45998694,7005905,6462512,4393006,760000,252667,11942737,26516751,0,1666668,0,0,atlanta-falcons,2022
4572242,16543859,23391647,11185240,9988236,12358795,6466829,5570833,2050778,1260000,18933836,3649794,833833,21944240,11805352,9343766,1588691,3647500,2957888,10681419,27457267,0,595996,0,0,new-orleans-saints,2022
15615057,19297834,14629661,9418970,4096161,6338255,6760089,2884147,1438137,1080177,11522373,22051352,1791333,24446381,12101544,7976250,4978307,900000,2141566,5798310,26151480,0,831667,0,0,carolina-panthers,2022
5092357,17989709,9349410,15808990,0,14745749,24573559,4001667,2073950,1115000,18400000,12751012,875080,16262231,7694503,5473325,5449583,1047500,1096989,11988156,27172003,0,0,0,0,tampa-bay-buccaneers,2022
1364452,9061267,26775780,14817712,957400,18994436,2431250,3221200,11254333,1062900,4474888,29816585,724252,19833712,9753921,6722432,18541206,0,733133,10372386,11853660,0,1930000,0,0,chicago-bears,2022
1316879,20280425,9713014,14399095,7278000,17744553,7615515,5079612,1973653,705000,13420808,31499412,1625000,32117874,9163604,0,2708876,4898823,4422738,11423140,14461636,0,0,0,0,green-bay-packers,2022
9574764,17065852,24965534,11367841,0,10986033,2595164,1227252,5897172,825000,14400000,24811776,1245000,34502600,9139384,5477061,8377363,2778061,2363940,8660053,16629025,0,1535000,0,0,detroit-lions,2022
4369983,15629386,4641543,20123694,7407058,7859267,17014375,2436334,3099100,1035000,3033214,26873699,1426667,33732380,14941024,8644667,3047846,0,769868,8196284,21058970,0,3450000,0,0,minnesota-vikings,2022
8997752,26431004,19300044,21013963,3825000,14415822,3493721,2000000,2467977,857677,11170000,4551140,3076176,32604185,5436196,1505811,6934376,250000,1372168,9464215,28518720,0,382300,0,0,washington-commanders,2022
5904560,41235600,20151599,7067977,5575915,9609368,10465836,2917962,2788086,1047500,14008098,7881293,1385566,11483502,10576884,4463865,1860278,600433,1238537,5176175,37339801,0,888274,0,0,new-york-giants,2022
2306328,21157253,24064803,5145164,0,15226915,6800000,1369898,4469186,1767608,21825817,10641148,2200000,21101518,21324446,5832363,9279544,2000000,1943431,16124775,20551571,207000,0,0,0,dallas-cowboys,2022
10232795,19793509,27130027,53146897,7092600,14835250,3136153,2914000,757482,1460000,8358095,7493074,1228088,7254896,5640968,11786200,1029353,3611528,629933,10349368,21565365,0,0,0,0,philadelphia-eagles,2022
2046746,25791390,6839840,15988991,19382532,13411072,7105637,4231250,2650333,1318277,23500000,13116724,1308334,19294584,9806728,10577500,2635686,2000000,2118666,7082305,20018123,0,1231667,0,0,denver-broncos,2022
2803715,16041212,37979550,9049004,0,4303574,14620297,4234445,2019053,1035000,7495555,2741455,2000000,21399334,13897436,3195248,5807388,1968030,5700321,15362433,26513669,0,1500000,0,0,las-vegas-raiders,2022
13026666,22238885,7576162,10837436,0,10434047,8493322,2180999,3459592,1323334,4528927,38116618,1352003,10285475,11188013,5412603,13610296,0,1065003,7504451,38591394,904445,0,0,0,los-angeles-chargers,2022
1603120,8331553,21080281,35564337,3134139,13014351,7205933,3080857,2194643,1275000,16662000,3129616,897500,38835381,6483940,2259268,7111727,0,1958334,11772943,18606718,0,1047500,0,0,kansas-city-chiefs,2022
5467562,25806592,17514418,7760886,4988366,9185442,19512212,3042500,1903247,1047500,18780664,22722962,2200833,21684709,8196805,3889948,3015649,2191178,1368365,9026233,21947239,0,1413333,0,0,houston-texans,2022
10458333,22175381,22914566,29673185,3429509,17593518,13926779,1334798,2265355,1035000,2972500,4667249,3251500,22586357,7834372,11606800,3798500,0,2167328,10253243,11866944,0,0,0,0,indianapolis-colts,2022
4469166,16008937,17106794,3515435,7058000,9068728,9409575,2375475,1614468,1047500,15658971,25879788,2361667,39997910,13881547,2587783,7541662,0,2229950,7171398,20434122,0,374998,0,0,tennessee-titans,2022
1595845,35604903,12279394,22075120,0,12101295,25599876,2017833,1677943,1045134,9393970,19019653,2680000,11648881,5911057,3721077,14793674,974279,1837331,16952533,30303382,0,0,0,0,jacksonville-jaguars,2022
4777618,15805359,25168717,10056151,2035926,12841366,5115550,887410,1884598,1343555,6396626,4775600,1500000,28748262,13649322,11600000,2686667,7750000,4779056,10029309,14682891,0,0,0,0,cleveland-browns,2022
3647166,18849898,33737555,8022334,0,9095165,12642653,5410569,4655702,825000,999476,29745434,884984,20620289,5955675,4333333,14351702,480000,2134000,7080462,22473861,0,4713334,0,0,pittsburgh-steelers,2022
3301961,35707802,12663511,7252890,1500000,13066659,6632915,4758333,2026660,825000,15453250,11410514,1929459,24526895,9686475,6735085,9317996,4030833,3809940,17144192,10647150,0,2190000,0,0,baltimore-ravens,2022
6309754,25626163,24126062,26023855,8658235,14662158,3726645,910928,2872806,1952833,10272569,2448176,2417336,11655371,15593474,4666666,16308296,0,909521,7337469,23721751,0,0,0,0,cincinnati-bengals,2022
10333334,16554415,28044208,19728683,3470515,11823532,6643500,2691294,475273,1160000,3696000,7039420,954675,14627883,5647007,20462495,7602323,0,5504590,9047830,26294925,12000,656643,0,0,new-york-jets,2022
7050626,22002343,8114523,18847003,11237500,6525643,9105911,2444666,2972631,1459001,4824663,16220640,2635821,6658749,4443081,11286033,5669424,2833334,705331,24205983,38761648,0,0,0,0,new-england-patriots,2022
8692479,28524011,13901212,11074332,1329025,5167363,10593482,3150000,2607256,942612,4839476,17293624,1053333,15610614,11572500,5560255,3733336,7105000,2633199,19623556,30345777,0,3207000,0,0,miami-dolphins,2022
8613722,24952595,17954971,18505509,5656000,12217802,16391000,941054,1920901,1541250,7629891,6616364,1476537,20506961,8421489,6448795,3227119,11784769,1248168,6161257,23240306,0,1235000,0,0,buffalo-bills,2022
3929200,9333312,14440191,11847617,5325904,6728693,18221031,4350000,943946,1115000,11462909,4407452,2372540,33773568,9160591,6044500,658534,5000000,1683089,6727905,13477143,0,1700000,0,0,seattle-seahawks,2021
7451062,14536966,35112215,8986955,7239358,9707461,11528880,2798201,52134,960000,9937492,5459017,1050218,33049545,11237764,6006026,2685177,1855444,857726,9271678,12897290,0,2420405,0,0,san-francisco-49ers,2021
4417739,9047796,8322414,10183455,0,11732569,17473350,2009200,1075973,1555697,20798644,36390990,1118333,11558438,4677034,2674851,11114889,1941688,84267,11696210,23254088,0,0,0,0,arizona-cardinals,2021
1968268,18031183,1672161,27469057,1692010,5050972,1838659,943419,1845144,906000,6791389,12379750,3687000,46225001,15307492,6090266,1703621,2297236,9200,8786214,19543413,0,0,0,0,los-angeles-rams,2021
6357989,20470098,12739784,23225960,2666666,4841139,9143123,2576405,1043837,1435177,5140000,12042555,1394554,29441484,10034297,5096499,1855952,6803369,1577355,5390179,17822176,0,673333,0,0,carolina-panthers,2021
3092256,15107292,4330050,27766366,3071729,9156345,10544308,984400,494464,850000,13114200,15649509,1223772,28823722,7677358,3746659,3987371,1442732,3590033,12109174,17294718,0,1443333,0,0,atlanta-falcons,2021
2579285,19588120,18041637,14915769,15662000,10717525,995556,3961106,2369775,1175000,10374375,8990997,2663833,22675118,9773568,8159981,97604,3408521,128890,6625237,21130090,0,1276271,0,0,new-orleans-saints,2021
11298886,10939949,8752733,11994768,465000,13985158,9194066,3829319,1468921,1414000,3650000,24363537,2891732,13885680,8153207,4675688,6393616,0,462733,11476176,31824030,0,0,0,0,tampa-bay-buccaneers,2021
5509287,24881850,3174622,11693540,3255831,14572639,5133647,2275994,3563111,728667,7154923,36646250,799200,36042071,5671459,5161649,2219390,2405561,251844,13072340,11434285,0,944385,0,0,detroit-lions,2021
5980000,18536968,20013358,9023462,6895000,4066465,14451812,1630200,157756,987500,4806500,28444918,1075000,15162197,7064895,8173270,3202500,0,2354161,10871055,25852367,0,0,0,0,chicago-bears,2021
5761110,23065532,18782192,17951532,6898234,3501283,13317500,2896666,1891568,887288,7242903,8774055,2658332,33506202,7598790,6076434,2692105,0,442529,6763248,14913172,0,3000000,0,0,minnesota-vikings,2021
1908477,12551996,7216912,8665522,6892000,4119799,6909342,3334800,97834,868491,13666348,30490461,1074389,30175311,6827314,7921250,1209664,4214837,575554,6501211,26096318,0,0,0,0,green-bay-packers,2021
6661857,29631469,16443310,4598304,3937271,8231489,9414748,3907407,2011100,1196000,8373862,5479316,2770566,8947584,13504187,9577000,1012865,6770000,1297887,13660531,23203964,0,1890334,0,0,new-york-giants,2021
6379420,24671385,14200085,20653903,2922666,27322179,4474330,2029093,3683001,692677,8270588,3214433,2608333,25828131,5251414,4084492,969034,16543750,398148,6890714,12320720,0,158222,0,0,washington-commanders,2021
6576734,14606024,18871411,25335309,4202000,14035101,822855,2103600,1941168,1832500,6246145,1825592,683333,37559882,4030213,12330908,555106,880967,228121,12590409,21924074,0,0,0,0,philadelphia-eagles,2021
7654275,16924212,35824337,7655635,589400,14383236,11800000,2873693,1358478,987500,9100000,8510868,1927500,19184387,10038720,6836806,4052371,0,1231836,8823219,33929493,165600,1475465,0,0,dallas-cowboys,2021
2448535,29930198,5657365,8977157,5880222,15329494,9915685,2306250,275464,780000,6395000,33037404,2783333,7910105,14054627,6125000,2263536,7867647,2230195,7280846,16892450,0,3333,0,0,denver-broncos,2021
16664549,11758461,22158360,9770217,5899053,8470938,8667418,3506223,1375870,1366834,16054439,10803402,1250834,27956600,10698004,2868648,4099464,987500,985356,9790584,13944886,0,853334,0,0,las-vegas-raiders,2021
2144523,9273143,31008262,18524187,22080104,10806221,10635504,3979984,3768016,1255000,10031268,3648453,853433,9608709,6183031,5541768,223934,1212500,535191,10227625,22718790,0,852500,0,0,kansas-city-chiefs,2021
9741912,17348318,7352469,13763197,851668,22721335,20160805,5037533,719543,780333,16210462,13684916,1685994,9118901,6734653,2139115,7381820,933001,923662,8085049,15097916,0,667,0,0,jacksonville-jaguars,2021
5408661,18892871,7302047,12114616,4372320,6012555,13846466,4396732,1508615,987500,11152120,14888382,3175867,23816002,12004595,10307770,2799775,7455882,592199,7216364,18522615,0,51580,0,0,houston-texans,2021
8970463,18604109,12450559,29917751,1306233,16978850,9757564,1205553,4333,1063722,10580000,3809554,2000000,22992173,7504646,7248445,2774899,2662003,424133,10358924,16703832,0,0,0,0,indianapolis-colts,2021
8471954,16663529,8446227,3699699,16071370,15238829,10742385,1605702,1220600,1437500,14243971,9961100,3381665,12259374,16946980,5977843,770986,5414141,6182360,7588671,16640857,0,1450991,0,0,tennessee-titans,2021
3180536,30901537,15992000,17305114,12222451,6115101,9608494,3484667,25067,660000,11030073,10333044,2919734,4266390,9118108,5874610,2471917,4630917,2147763,11717119,14793981,0,3983334,0,0,baltimore-ravens,2021
11918956,18344343,19340179,10340989,1861605,13463021,1821666,1400761,136666,1145000,5336039,7122511,947774,18437906,11438169,17961755,1817047,5833000,146667,16529068,35579319,0,1721232,0,0,cleveland-browns,2021
9129003,28823488,14839880,10653054,2722878,10746233,10686704,4824133,1848669,894200,3220567,10277664,914582,29862266,5522334,2875000,2264160,3737843,375000,9858712,8875760,0,2955000,0,0,pittsburgh-steelers,2021
7512967,33571095,20857376,30002729,10473200,11131052,2562194,782594,1932233,1258382,6340083,3095876,1261000,10348725,11862488,6564705,1804144,0,8501,8822291,21094952,0,0,0,0,cincinnati-bengals,2021
9370133,16056417,32383064,7574040,15026341,15505794,14166495,733857,1111086,1115000,15246695,1446111,1150940,13522745,8672437,5387338,3216215,0,780421,8187405,33271803,262662,1549641,0,0,new-york-jets,2021
5426141,30828602,9353097,10787053,18669146,11883624,19896125,2868534,4301043,1176471,5449266,8209486,959045,8439207,7500739,10154903,2502407,3283333,237172,15571841,22125924,0,950000,0,0,new-england-patriots,2021
9277941,12774045,24523738,22601975,0,9382111,7795331,1457554,411492,1452500,12998261,15410147,1602600,13824778,5563758,6969294,1904723,12712261,103350,2508379,23736575,0,786666,0,0,buffalo-bills,2021
9212725,23729248,25791068,14109449,4904790,6430391,7655307,5007941,125066,1716176,15911543,2255429,874418,28160414,12644451,5767302,913328,8266292,58800,8933287,13339682,0,6851966,0,0,san-francisco-49ers,2020
977629,25060063,7141683,7683313,1075117,18921209,22885545,3690859,404735,1168750,7321144,30767793,2008400,9582768,17280111,979881,3907333,2446438,1190667,6071650,23597877,0,0,0,0,arizona-cardinals,2020
1674000,12616289,6039166,29010671,4120037,7663122,9196620,1049769,1100611,1105200,6666666,7073192,4687000,29773127,13962262,7120545,976285,1756745,0,12714325,38306035,0,0,0,0,los-angeles-rams,2020
4996480,10744422,20524949,11896253,7381701,7431098,15877560,3600000,933094,1035000,13298750,13217505,822537,32068066,10076543,5831617,201534,5930495,420479,14885254,18370473,0,1350000,0,0,seattle-seahawks,2020
11596488,12127354,17112089,17693017,8965729,16347531,11164520,937082,3000,1051334,11516700,2601198,634435,21528405,15375038,4833123,227929,8770935,2906255,3892838,28773491,0,1277499,0,0,atlanta-falcons,2020
12545265,8261022,29237295,9084524,4326667,16009807,16047238,2360200,738956,1190000,25353251,5402314,1710000,17518670,12536986,1323049,1328047,9526419,422557,6991775,21300258,0,825000,0,0,carolina-panthers,2020
10797000,7899181,6659692,14728493,0,9183291,18850060,1009961,546920,711000,14500000,30626839,2720400,27828633,7359793,3075000,5686684,0,2950550,19057812,15650314,0,0,0,0,tampa-bay-buccaneers,2020
8142632,16946622,16493013,15208788,4600000,11720310,2400000,4200000,878853,1000000,8325000,13666117,4873441,35589117,10123208,4346924,73802,4806620,258632,13538910,16002779,0,887500,0,0,new-orleans-saints,2020
3351401,30456713,27132101,13521241,1647830,5250229,6019508,3900000,158700,1000133,9171920,12142847,1316200,23874872,5269730,11810000,2773571,10073895,416567,11027519,19506421,0,1452717,0,0,detroit-lions,2020
3862870,13818215,18844189,10927635,12754116,6078287,8023880,2284400,1189563,981821,11206765,17702365,1816666,21869153,7162169,2806051,936090,10750000,426905,11571196,28260404,0,1756667,0,0,minnesota-vikings,2020
4732023,24192109,2666822,21319180,4466450,6091156,11039720,2769999,56666,889167,11119000,34576558,1850000,16479933,6470824,8975000,2034834,0,608597,15811285,28563831,0,0,0,0,chicago-bears,2020
10779357,10221503,8377769,8403490,11076168,14446753,6214960,4016800,923327,769335,16802941,35564439,869717,24652537,7146298,5000000,682420,3475851,613301,8735744,20563887,0,540198,0,0,green-bay-packers,2020
8734451,14067819,14243503,28274783,9961000,12768821,1921237,2629000,323740,1097500,7377672,8445574,750000,21768541,4057922,10995554,1221750,4786528,232901,16034808,30900355,0,0,0,0,philadelphia-eagles,2020
7372682,15160476,27536225,8189993,5616722,12036892,8518254,1970833,892564,887500,7463333,10211950,2739741,35874503,12919899,5886900,1243153,0,1594826,6605930,18417325,142800,0,0,0,dallas-cowboys,2020
2775668,27462801,23383059,1621638,3193353,16949531,18219355,3228940,102056,1091500,6418074,11632766,2785334,9229149,12955696,9593670,572892,3875271,771409,10614294,24932582,0,1210166,0,0,new-york-giants,2020
4659751,16666999,23858248,14799135,4382783,20242145,9608551,3443158,479272,1202500,4649998,4781152,2600000,30032739,5830127,10783000,654847,13825000,84000,7939955,12612045,0,0,0,0,washington-commanders,2020
1221244,21081014,21750272,2696311,11441000,12690778,5920671,4811082,465151,610000,7510154,37377910,1533333,17825845,9863506,3409375,845311,14965533,687946,8571900,9487971,0,1013834,0,0,denver-broncos,2020
8071063,24651015,33172803,13269520,0,15069379,11133898,758400,792101,830000,8283106,8803156,755000,13076892,7691346,3508895,7410474,930234,833,16251977,21371004,0,0,0,0,los-angeles-chargers,2020
6131662,10309096,18288461,15121233,13312544,16855328,4834497,896133,326908,752166,5540907,13394717,784609,31658600,8104485,24703411,153142,7405884,227801,15824064,18841674,0,678333,0,0,las-vegas-raiders,2020
4753467,7035464,27443531,18300916,23049815,4402512,12692500,3195000,1849453,1020000,16436179,8300794,1319567,8222008,4626102,11775618,759814,8000000,1446668,13503400,37726559,0,890000,0,0,kansas-city-chiefs,2020
7670500,20585981,10698874,17644379,5179715,20458469,21050000,4828481,624986,610333,3133751,12348434,891434,21502377,8940067,1781709,207425,615157,755232,7153155,16749460,0,858333,0,0,jacksonville-jaguars,2020
9670720,18558683,21716531,2989137,5359871,9022390,16482931,4825600,808881,912700,14246605,16845351,2417333,14376678,17189386,5416034,368450,5314007,156534,6225120,37251157,0,627262,0,0,houston-texans,2020
15853858,14655505,14603849,37054668,5605006,14640722,4360820,700666,9733,910000,17750000,3594764,2164329,56551666,5946957,3017562,11333,2040422,210842,10984485,20718331,0,0,0,0,indianapolis-colts,2020
8430533,24727946,28882406,13970624,6356370,13424214,10100438,4910048,26167,1886119,18537647,3141931,3564739,23327421,9513729,7246957,44667,7478223,238134,8239773,21890922,0,675000,0,0,tennessee-titans,2020
10848191,34200604,13364404,27005698,6349403,7275350,4130795,2510296,388947,1172000,5344827,3803641,3050000,7973415,10340744,6787500,297647,4885000,53832,10177135,37677925,0,0,0,0,cincinnati-bengals,2020
12973442,21223538,16170818,17967795,4446761,10141982,7100316,1099289,59333,1000000,9176516,14280965,678333,12093010,8897397,10650000,1332436,4418018,575951,9702838,33655252,0,1457782,0,0,cleveland-browns,2020
3400802,37891335,16386503,17105976,789448,8150000,7105770,5102000,631571,1417663,12882800,20599888,2194784,6062573,8164791,3466430,699456,10288230,100910,12299624,13241358,0,3007333,0,0,baltimore-ravens,2020
8135000,22548945,19567231,12787710,3424252,14561143,16901077,2758961,236185,1135000,9343091,22196489,1860957,25937868,4239686,3259000,774648,3742578,1829336,8487575,7984055,0,2959166,0,0,pittsburgh-steelers,2020
8747217,18572380,19527248,2979401,2930036,5696460,19159941,1067062,485551,950000,11528827,7619665,654275,10906450,17814765,4298000,795354,8869540,314400,5331491,33472571,0,778115,0,0,new-york-jets,2020
4191341,41350283,15070300,8137009,11385000,26977930,941936,2418094,3269615,1080000,4534173,4064824,747245,16383427,11906628,3769196,1526624,2100000,5000,2953945,22962054,0,875000,0,0,new-england-patriots,2020
3157733,35138007,21636020,8212531,10417517,13078098,7163498,772800,151133,792012,4563651,16723195,2133000,18720444,11832320,4855000,5419972,17540000,292107,4605025,14893153,0,657937,0,0,miami-dolphins,2020
11981029,20230475,31637812,21221270,7903125,15412857,8207871,1538221,102324,975000,14041030,9065730,750000,8789760,5540792,1705413,1047734,9021085,206850,10225490,37433160,0,1191666,0,0,buffalo-bills,2020
2486879,19381918,6611019,8944477,6924668,18057315,12177298,645000,26333,1048750,9625000,23099426,2058235,24577708,12434801,7893676,1846983,2525670,1722720,9654902,20277149,0,0,0,0,arizona-cardinals,2019
2824451,18513567,12052020,19190657,5751525,3963638,7812063,2575000,1214310,1250000,16659168,18004906,2187000,11765577,12446413,8300000,2807977,866438,1261675,4256072,27274908,0,0,0,0,los-angeles-rams,2019
8522666,6296485,21709344,8055280,374411,7811425,15850000,2500000,1867768,875000,11281250,12062815,1242537,27060436,5052038,2629808,2887472,16619996,3922355,7109176,20706102,0,458000,0,0,seattle-seahawks,2019
8527927,21101117,39086636,9593968,5089040,9156359,15404365,4016470,24000,265588,15224052,10892166,686018,21549024,12818574,4168580,988387,4975000,2656334,4754868,23821868,0,5850000,0,0,san-francisco-49ers,2019
6593784,10723145,18045364,16330802,3565000,7310934,11738865,4056500,141000,1170000,6092277,28392858,1400000,24395545,6379547,6235000,1548085,5150000,2221321,9738998,11432140,0,645000,0,0,carolina-panthers,2019
10185588,10166711,23882857,7591474,930000,14008041,3747634,771443,5679559,495000,12500000,19118663,2600000,23313000,5011584,5592599,4076662,0,1064668,11737237,22467258,0,0,0,0,tampa-bay-buccaneers,2019
13108762,19106980,24964130,17043435,4151523,13861074,5050482,3987304,607823,930667,7589200,3017804,3095351,17997667,9484109,6385248,1434946,4929352,573833,6521321,19597574,0,808334,0,0,atlanta-falcons,2019
3453663,17853178,16771707,9641596,4796643,21344000,9349910,1900000,958727,645000,16144515,10608000,4250000,29345000,4065399,3159969,1660394,3333914,1235629,9961114,16193999,0,1216000,0,0,new-orleans-saints,2019
1031481,25393081,9904991,15489954,2531309,11297410,6679211,3400000,1692418,735000,4131415,7166011,2356000,31990117,6289112,11984705,2186891,5704475,1555370,7199364,17434427,0,474757,0,0,detroit-lions,2019
1724247,33048150,2116243,16925303,3250000,9684541,10558423,4557500,4709456,815833,3979000,20075642,1650000,14278596,3737483,4853000,2961631,230000,59333,13901513,29746082,0,0,0,0,chicago-bears,2019
3166820,27534213,23318233,15082883,10750000,7190993,5766319,2194010,874113,623644,12435000,7121004,645000,30038334,3771437,3338250,1070974,3537647,155000,6194832,25257650,0,950599,0,0,minnesota-vikings,2019
8684789,14117295,8511728,3755095,6470000,11928035,2840849,4850000,899809,589335,14200000,31109346,624388,30382333,2729139,8947426,2995643,645000,3053930,16226218,17068239,0,1128000,0,0,green-bay-packers,2019
1486146,23174460,8038177,6643282,1333334,17005408,6545720,3225357,576721,1082500,3525880,18619871,2000000,29992952,8792810,8930000,2023438,5572316,1232602,17406021,13003598,0,417353,0,0,washington-commanders,2019
3737116,21758564,7184369,7048516,5834284,10776016,13468947,645000,1283013,940705,12000000,21183394,889168,30125051,8791118,3070000,2340952,0,471269,9995195,32417247,0,653000,0,0,new-york-giants,2019
13793939,13627829,26219224,16464507,1704972,16984497,5394978,633523,48332,735000,15545000,11926949,2300000,2980140,7457757,4266686,1499575,2700000,2636341,5739625,28008634,0,1700000,0,0,dallas-cowboys,2019
3490334,9746263,12928785,24321614,17293250,14625921,3152211,645000,1118724,720000,8666668,7732798,577500,16813979,6140376,7656911,1073279,1104117,3295229,8520232,20739208,0,0,0,0,philadelphia-eagles,2019
10711063,13678921,28729557,11900306,2000000,8779638,5360000,1186470,1412994,650000,16101250,7589034,553458,27064391,6577353,1685447,5234037,1000000,1109269,7100159,24921753,0,752422,0,0,los-angeles-chargers,2019
10615333,12017645,10308301,12539929,11299706,10916029,1971875,586667,196588,600000,0,8887386,550221,25843453,7621835,20080876,5842015,3871374,2169373,6794848,19834015,0,598333,0,0,las-vegas-raiders,2019
2887581,23330007,16164802,4015353,5001355,11111097,11001742,4000000,381225,1000000,3008700,33205597,903334,15967062,5085248,9978334,1468569,8053423,1083202,7824072,15651639,0,1107243,0,0,denver-broncos,2019
2444615,9288686,14178492,7443355,5933333,11144965,8420130,1345000,708000,930000,7036667,10420327,3206333,9443893,7469377,6430000,3605031,11700000,4719013,13077900,26826885,0,735000,0,0,kansas-city-chiefs,2019
7092352,29776922,25000452,17225895,6702920,19001049,7318560,2125000,1038837,520000,2649044,4617440,587905,28674436,10538074,1924077,725016,1082375,1964836,7202291,14772688,0,0,0,0,jacksonville-jaguars,2019
3721959,22846140,25494194,12636150,3884338,11933253,841330,3994137,1461325,1570000,11050000,3276315,3004000,31276909,3766269,2651362,2690159,3187500,307903,14401413,32105916,0,0,0,0,indianapolis-colts,2019
5847509,29486364,1892916,25321805,4049265,13111816,7524806,4273234,5816379,1268000,13288235,7913877,2950666,27094624,7761508,6666680,1855049,4750000,59333,8216988,17163308,0,773823,0,0,tennessee-titans,2019
9685525,29318398,20762463,5184332,1478128,15384047,9394816,3095000,37000,980000,4962728,25970827,969342,7999326,13165887,2656250,1047574,8542500,1081254,4269268,31601101,0,520790,0,0,houston-texans,2019
6881929,23520263,14747287,17886880,1200000,8090406,5710977,1841000,945393,1110000,9250000,4954391,2750000,17733931,8629676,6545000,2746509,4450000,3910240,12099056,29577013,0,375000,0,0,cincinnati-bengals,2019
10675027,22709959,29517196,12671177,11435470,17885950,11031100,604692,2061711,805000,7006666,5089019,498333,11913408,6676738,8818750,4038870,2550000,475362,8138993,37910438,0,240000,0,0,cleveland-browns,2019
8166353,21267244,12960946,18832319,2382171,18007706,13051660,4201666,1342393,720000,8390000,14047669,1525666,28227446,3017740,2373500,3786730,2833334,1763408,9084315,28735163,0,1687500,0,0,pittsburgh-steelers,2019
1314077,41840495,2618498,19193118,8750000,11771213,6144014,4698001,22235,1240667,10517744,5074744,3950000,20187818,4937491,5593430,1692149,15233177,152131,6838019,17279005,0,980501,0,0,baltimore-ravens,2019
4112424,26013411,10009123,18174255,12750941,7004944,634496,592800,1558886,660000,2460028,7417133,646334,25543230,3464184,2145000,3269234,17191250,2724533,5329709,23538399,0,517641,0,0,miami-dolphins,2019
9550500,23210334,24736219,8952994,3994465,15161044,26344691,999411,629935,770000,9500000,4078595,738951,9608001,13779598,3352743,488529,6805566,1736689,3075368,20279627,0,671643,0,0,new-york-jets,2019
15825000,7541804,26169108,21693046,5370000,7090983,2877169,5025333,2415675,850000,1140883,6152274,571000,9026074,8327191,8164994,1182589,7263750,529696,14872591,20565827,0,2150000,0,0,buffalo-bills,2019
5069333,19553590,9987791,6894838,19076667,9392010,20655674,3065262,214333,955000,2600433,4600724,667245,24450283,12387753,7336476,1177392,9234766,1515104,5538277,28963537,0,1652059,0,0,new-england-patriots,2019
2732879,18668866,19309046,7077064,15728787,9552785,2189890,3706670,0,883750,3465672,14753092,2627500,23024429,6279917,6552794,1667150,1552274,1282058,8696188,22519066,0,645200,0,0,arizona-cardinals,2018
9535000,12137858,11002193,12065002,9123077,9858814,11998307,2250000,0,1051176,10950000,12094329,753550,40718879,9096931,6048832,1863399,3807686,1919214,8279552,20259152,0,4500000,0,0,san-francisco-49ers,2018
6884844,13107804,12097212,10113630,11123001,4605591,14195400,2015000,591711,630000,8714250,11793720,1152537,25722117,5538712,2890787,1557645,14117348,900191,3770992,22990976,0,719411,0,0,seattle-seahawks,2018
8951533,21028903,14996097,27448857,11452883,8794707,18796356,3757500,0,1350000,9174166,4378903,2678551,8856911,9039986,3139185,1773518,902638,987391,2813254,19448229,0,107124,0,0,los-angeles-rams,2018
14375000,16510720,32186746,21692352,1781658,4316009,3224720,4583074,22800,630000,1931000,11797184,3000000,12635653,4547488,4803125,1447412,3521814,895652,10955665,35042814,0,0,0,0,tampa-bay-buccaneers,2018
13775666,11240047,17363793,26071236,4925000,10102216,10024321,3685716,0,1055000,7617354,8002680,1530000,22376917,9987942,6064844,1085314,4665000,2000,9426292,14746540,0,673899,0,0,carolina-panthers,2018
11310552,26311671,16566998,10685889,6894532,12123250,2344470,2525783,631168,1485883,9248647,1740689,2700000,22382533,7428192,6500000,602423,2568351,939253,3414438,24768478,0,481666,0,0,atlanta-falcons,2018
8498285,10165917,20784130,10387166,6018281,15039951,4914000,630000,282666,555000,10050000,11949331,2650000,27088800,9633432,3265514,74005,5933354,647439,13209696,13242557,0,1000000,0,0,new-orleans-saints,2018
899855,14481828,20405864,12127788,8813724,17267281,4110804,3200000,86933,745089,3005471,15413860,2925000,27441708,8935871,6605007,1492738,5389609,211941,5061959,16490185,0,384051,0,0,detroit-lions,2018
4971398,10905915,16511183,3335736,4304637,7728697,4695540,5250000,510400,499335,11075000,23337725,574781,22131170,2400903,8268750,1597116,962432,2266676,14464466,29648614,0,325894,0,0,green-bay-packers,2018
6878410,23023972,19888124,24680767,10880000,6352554,4247454,2078473,428399,925000,11400000,14375004,555000,26472000,8442178,761238,671056,4205000,1509489,10079693,18391611,0,363000,0,0,minnesota-vikings,2018
2811499,20552301,16669597,4482946,721449,11957291,9057579,3812500,3488685,630000,7100000,24299417,1500000,15513130,3069399,5650000,1462025,3131737,67467,15537137,27236962,0,710667,0,0,chicago-bears,2018
2388333,19432763,18829781,8815235,2921500,7197346,5941201,562600,481666,1015000,10000000,24459138,1645200,23628529,11105127,6049562,755215,2100838,819671,7279607,15451195,0,101275,0,0,new-york-giants,2018
2249110,22225831,8710982,8413730,7310567,9316140,6155973,1599285,0,1152205,16493005,18181240,1750000,22396117,7552478,5830588,1458323,2103499,1280466,16520273,12095524,0,0,0,0,washington-commanders,2018
7622800,6739879,26647196,20491980,5877000,10628571,4194158,555000,129200,805000,10666666,5597629,737500,21520049,5339979,4982206,450219,10083750,1858315,8652468,17977109,0,0,0,0,philadelphia-eagles,2018
7500000,9635350,30992972,8242485,1729677,10529955,3692442,1280000,2283342,720000,17545000,13379253,1700000,11079902,8033297,5758333,1518832,2657355,3163500,3132306,27778049,0,1640000,0,0,dallas-cowboys,2018
2782000,11698474,12438330,12939615,6921875,22858190,2274946,1201446,378988,1851764,2449331,11252956,684388,26170172,7371331,9142094,1369541,3871177,1686105,11846056,25862258,0,1819200,0,0,las-vegas-raiders,2018
4035873,25601000,15646790,5282667,805355,13539014,12731098,3500000,687300,630000,3771515,21928600,2081326,19147595,2122198,13926274,2404797,6763100,733867,3020780,22589770,0,671077,0,0,denver-broncos,2018
7246241,17609589,21187976,15023136,2720552,8487855,3327565,2068185,1397947,1070000,14968750,4084958,705515,23129200,4919855,6207947,3741935,5500000,368000,6984883,25874201,0,662420,0,0,los-angeles-chargers,2018
3148773,7950430,12071900,3546050,7873750,10043542,7562082,555000,1796384,830000,13950000,31905197,1700000,10062341,5807487,8475000,2016134,13788950,205200,13332255,18271370,0,2000000,0,0,kansas-city-chiefs,2018
9281250,27669296,25071109,32608198,9562146,9309440,2849972,828411,189837,1269706,2648859,9525188,747905,11116632,15944016,5622647,870709,5681523,1397579,7631964,17828036,0,879262,0,0,jacksonville-jaguars,2018
5480466,20869847,5966837,23769951,1008831,8855141,10661095,2950000,3937289,1268000,10821600,18465543,3863666,9907199,6890122,7894058,1818037,11548750,775361,12701187,12649091,0,296640,0,0,tennessee-titans,2018
3080221,5625805,14705486,10890769,3470616,9699260,1422801,3626333,447862,0,11636433,4441156,559000,25835743,4062628,2955117,1295242,2491482,893107,13798357,22357926,0,952500,0,0,indianapolis-colts,2018
6038286,21997917,19098681,1354857,10500000,13342993,12171435,557500,131700,965000,701605,21060939,1080666,4588700,9234719,4998750,1766774,9000000,694609,6401461,25402133,0,1000000,0,0,houston-texans,2018
3290198,24018809,20927703,18387264,1799602,7223026,8305000,1502901,170470,1130000,15572606,10557351,2300000,17867876,6558358,1274117,1710287,4179658,0,9274960,23801579,0,475000,0,0,cincinnati-bengals,2018
6750000,24784228,13573785,4850479,1775594,21168087,1743064,511112,423529,705000,3026666,20670677,2550000,25844848,7651868,6750000,1614992,2500690,682458,6828050,26732507,0,810530,0,0,cleveland-browns,2018
10680200,19274970,10019234,8668698,5896714,10038368,15131762,3228235,803191,726987,4095000,7341287,1907000,24907847,2196476,7913500,916159,5081718,2363713,5804425,13252132,0,1437500,0,0,pittsburgh-steelers,2018
1576132,27615692,1834224,8873679,8250000,11834741,12557835,5486999,564933,1140000,5586635,12170430,3550000,27572117,4902720,4946430,1175391,5694666,787237,7087172,17324597,0,0,0,0,baltimore-ravens,2018
8160735,28752913,21987867,4848622,5022679,14431250,8976522,1205000,673270,555000,9500000,7858866,648948,18014136,9328943,6245991,15200,5725272,685066,3851362,20308405,0,0,0,0,new-york-jets,2018
12447912,7808351,18991346,27820876,5575000,8820077,3525870,3000000,253010,555000,10550736,7147599,1505578,15290972,12954463,2926472,551504,9459388,593000,10401718,17367704,0,2050000,0,0,buffalo-bills,2018
8948824,5357926,38828769,14367781,2502000,9520640,5055054,502800,15333,645200,4712541,12454047,556333,10631594,4185414,9341000,3528683,6260000,558333,6070426,26216852,0,0,0,0,miami-dolphins,2018
3469331,16453843,8834496,10113767,15319375,5121828,15336769,5000000,0,860000,473000,4587032,2000000,23410508,8885252,9613250,261176,7789827,3443012,16057175,17128024,0,1675000,0,0,new-england-patriots,2018
1947941,6437204,12632469,10695791,5469549,9102901,12978254,1750000,0,1150000,11056250,13095385,663550,11789042,3623278,2890149,1019106,6926000,1301352,6565209,20074891,0,4196500,0,0,san-francisco-49ers,2017
2301554,20668057,2296622,9907265,8100000,12550311,10300202,2500000,0,866235,2657622,14221156,1412500,29428451,4303431,11399646,754260,6845985,575232,6213335,21992062,0,57600,0,0,arizona-cardinals,2017
2595680,22553447,20060441,12304383,11600000,9786860,10746587,1034375,0,540000,5280990,8591517,1600000,15449066,6680570,2478433,2218270,8858944,2590954,12719173,9649112,0,28800,0,0,seattle-seahawks,2017
1578825,23636749,1893800,17353045,3599928,7478938,17930615,1679706,0,875000,12616502,16324078,1421551,8855957,6764723,1989018,1082500,1299032,801024,3357011,25690454,0,658108,0,0,los-angeles-rams,2017
8404160,17131000,17658952,23220783,4715000,6057216,929105,2418006,0,665000,1655144,8751589,4000000,11758985,9056672,4300000,1107459,4625000,1706228,5744029,19718033,0,133767,0,0,tampa-bay-buccaneers,2017
8435670,16292343,20852931,17665456,2440374,8658339,3421040,3097734,687438,880000,6012202,1081645,2700000,27322000,6132627,2437329,1878876,2568125,817400,4000837,28241421,0,690000,0,0,atlanta-falcons,2017
8794000,7056655,15628807,20634999,5446661,8994832,13753888,4652930,0,1040000,3550000,14123874,2400000,23018617,11374779,4004280,518571,1896176,1386668,15955963,10402284,0,814327,0,0,carolina-panthers,2017
8719400,12037576,16671119,8606619,5236825,9605103,7838034,540000,0,0,7692177,8224988,4700000,20981584,11311268,7990174,0,7628795,402400,13503938,8355695,0,1671765,0,0,new-orleans-saints,2017
877980,19410809,14044563,2432112,673070,17708066,14842268,2486823,0,1305000,5823628,18779565,716327,23184872,2913400,6096192,1843508,4547524,2042606,10036710,17324945,0,632333,0,0,chicago-bears,2017
4004965,9619174,4085272,12935437,5156078,7980400,2048150,3600000,0,1368489,6677470,26579884,1088116,21452927,3172711,8419117,1792673,6981250,2013621,6939730,31722152,0,853787,0,0,green-bay-packers,2017
2566868,19544441,17659943,13326255,6394166,8499736,3508874,5225000,0,745178,3961854,12576924,3896932,17270492,5553764,6969705,1175977,3456338,3324268,5913660,19418466,0,92178,0,0,detroit-lions,2017
1819073,21475400,17536016,13903075,7610123,8187984,2379112,2425000,0,937353,8500000,8031517,775000,22548284,6121369,5266084,556056,3441470,1440684,8477965,12122216,0,0,0,0,minnesota-vikings,2017
2166884,28936243,26903927,13698250,2728602,15652577,2114414,715000,0,1300000,83788,12842822,1800000,21559105,6928117,3942911,904236,1090930,1091444,5095637,17330944,0,544083,0,0,new-york-giants,2017
3675182,29823224,8847124,7473413,3401147,11439052,8260535,881471,0,1052500,15653380,16812404,1500000,27621134,5146036,4236394,1373805,2281668,1026239,11839292,12463970,0,0,0,0,washington-commanders,2017
4531000,15194835,18157875,7697948,1921000,6304061,3800708,4180882,0,1220000,8820000,11866405,1550000,13452514,9318756,6615333,918089,584972,40001,16668412,26275460,0,690000,0,0,dallas-cowboys,2017
7712867,5542968,22461761,14890127,13981250,9635409,1293951,1487647,0,634500,7169901,14292312,1375000,19959669,8789812,9843750,1791510,21600,779123,9996166,20907613,0,0,0,0,philadelphia-eagles,2017
847112,24834717,14555198,4108256,7400000,12826398,8721238,2250000,0,541667,6520065,24336594,560002,3921966,6596511,3754638,753948,2401456,348249,5345149,25199868,0,581077,0,0,denver-broncos,2017
7130352,23064709,10819771,3443501,6000000,25313359,2554616,3875000,0,695000,7150000,9190770,2550000,17066663,3982288,3809211,2517254,2700981,1220076,7886378,21682538,0,1790000,0,0,las-vegas-raiders,2017
913356,13085991,6619129,16613906,2517500,11100052,5121534,949315,0,1055000,9525000,18804819,578456,19620000,5240479,7343875,1379010,4250000,1115334,8458674,22774813,0,572420,0,0,los-angeles-chargers,2017
1274475,9515292,14761358,9476963,10650000,8100303,6949958,2179941,0,725000,9502377,35962970,4900000,21421649,4429844,7775000,582028,1700000,288000,7555908,7988452,0,2039340,0,0,kansas-city-chiefs,2017
2559525,21301085,17765810,1412728,6685255,8561209,10132761,717500,0,950000,3965647,14589744,2000000,12959794,9346114,6028752,589071,3966801,643205,10797521,23146212,0,1709670,0,0,houston-texans,2017
2794067,18012659,2013655,17736184,3623482,2883419,5220554,2750000,0,0,13340000,19357451,2119000,22133124,7098179,1374629,3199548,668330,1134204,13252335,17563835,0,0,0,0,indianapolis-colts,2017
5200736,16762788,2815754,21371640,949132,3752889,9070167,2817335,0,1311290,3654319,23320646,3300000,10303971,9631251,5027567,154867,12212500,148286,7533733,21288027,0,625194,0,0,tennessee-titans,2017
11219413,14142627,18685498,27949717,8024862,3925899,665000,622197,0,1581471,1276029,12460410,1900000,10175406,14116898,8347200,968866,8690000,578545,10877400,14254886,0,830632,0,0,jacksonville-jaguars,2017
4154375,17900914,11488499,5414557,43200,25342967,9367822,487289,0,1465000,13750000,15640948,3150000,20018293,4502255,425529,3166223,988295,2092282,4930114,11701213,0,634277,0,0,cleveland-browns,2017
3680198,23105981,14307445,13571308,5421600,9739130,8439549,886053,0,1045000,3705053,10349894,3170000,16798413,7771421,550588,774710,4353444,69106,7177801,24499869,0,2275000,0,0,cincinnati-bengals,2017
5898895,21542180,1666300,7319919,6368261,11023710,6539081,3106666,0,1040000,9055529,13694403,3100000,26665200,6312541,3978235,508701,4051600,1788328,7619402,17512832,0,79200,0,0,baltimore-ravens,2017
11941667,11668993,14513363,1442984,11839482,14641666,7209760,2821000,0,652328,3462500,10091316,615000,21014781,13479772,8629324,0,1543856,777622,8335962,18083807,0,615000,0,0,pittsburgh-steelers,2017
3577250,23173158,27648162,4073251,3648598,15580146,5243101,1496668,0,545000,5500000,5726349,562282,13334183,10529177,5490000,373000,4679238,843791,3476571,9402395,0,0,0,0,new-york-jets,2017
9774282,13066371,22327542,21958435,9954089,5760639,5499470,690000,0,695000,7406284,8989663,466667,33190102,3761247,2681763,975918,3742938,1198845,9677725,10130703,0,0,0,0,miami-dolphins,2017
8524999,6899789,14277149,21410029,4075000,9382163,2578267,3140834,0,602500,14200000,5496606,1178800,11034644,11827363,2883147,390141,7770647,1286656,11430266,12323897,0,3855000,0,0,buffalo-bills,2017
1561650,16686371,5811636,8108892,12750000,2578397,6258439,4500000,0,685000,11166418,12462784,1900000,15360375,11090522,4493750,0,10712240,3255092,13091527,19865334,0,1375000,0,0,new-england-patriots,2017
1382549,7987633,9262363,6714899,3250869,6170183,13656253,3134000,0,970000,8320700,11662284,1073550,20263554,3228308,5319773,14633,8957883,961897,5487973,15672805,0,510074,0,0,san-francisco-49ers,2016
3461474,20846635,13749757,11218500,4705311,7583186,10901464,1250000,667,875000,6046179,11895020,2373773,16453311,6642641,1420412,1073270,718732,957606,8368108,17116604,0,2000000,0,0,los-angeles-rams,2016
841900,16873806,20344173,6149936,6395958,11877243,7424485,600500,0,635292,2419868,10618060,1373074,21116794,5174097,6233716,281500,5171000,293310,6226020,25805133,0,0,0,0,arizona-cardinals,2016
1424789,23122854,17684704,5369752,10550119,1134530,7019997,3525000,23034,651667,1000000,9468689,1600000,19024600,8524796,4450042,450000,7057940,1086154,12788153,13623827,0,720698,0,0,seattle-seahawks,2016
13383404,4766869,10563844,10586674,5060672,2634687,6881649,4035290,0,1025000,400000,11042245,2833667,22310000,13559363,9217280,0,1273823,463700,8343011,9370055,0,1480667,0,0,carolina-panthers,2016
4356240,13620354,7886771,7105363,10961764,12083397,5568327,536900,4000,890000,3831488,22658685,3050000,18827062,9541191,3700000,181546,5407153,735362,6274039,7962412,0,1106900,0,0,new-orleans-saints,2016
7002197,21657476,14254042,18452946,4016667,10297025,3787242,736830,5334,600000,1379286,12550806,1750000,8192029,10539218,9023868,239477,2558667,1025762,5310648,22178141,0,167437,0,0,tampa-bay-buccaneers,2016
4098039,6157028,18117386,8771832,3988396,13539859,3179833,3190233,0,860000,10984273,6338365,2726470,25628774,2257030,2771482,1238236,6152059,740562,5590051,26593495,0,897500,0,0,atlanta-falcons,2016
1032440,12559831,7539028,3637104,862154,21611723,12695274,1701000,0,528000,1907328,23391761,626327,20196519,2678761,6053308,1066789,1205000,24134,5790004,23217068,0,0,0,0,chicago-bears,2016
1483333,16544160,16359939,12035527,8812147,18133534,1901800,2112941,1000,775000,11526429,10177681,721048,12625308,14181942,2492661,472956,4531667,794566,10156377,9690870,0,1671000,0,0,minnesota-vikings,2016
794868,9186326,10103244,8913108,8851125,5917620,3757954,3180000,0,1038089,8609477,12675337,1215075,23620154,5624565,606668,938268,2803005,2035363,7852962,31283196,0,712265,0,0,detroit-lions,2016
1494227,14455110,18840545,8801635,4229607,8136433,1895106,2400000,0,600000,5070967,20410240,865000,20056468,5135916,6162500,900666,7989424,1481643,3923100,20560579,0,797859,0,0,green-bay-packers,2016
8501666,11828344,11134533,9584883,10848336,7926833,4921283,675000,0,1270410,9737500,16966666,2208668,16584900,14417721,7764329,1357520,53000,1107008,6482897,8551897,0,34500,0,0,philadelphia-eagles,2016
4393461,18747894,8661690,9295105,33907,10484052,4408220,600000,667,1215440,9506394,12398948,850000,22237333,2489909,1317442,866496,3725978,439410,8425078,26011802,0,6900,0,0,washington-commanders,2016
1846927,21674177,24525104,9371257,2535611,6810403,4893553,1929595,0,1134500,6100000,11071220,1975000,25595300,9776725,5834094,528150,854245,99700,3066347,13781321,0,1498000,0,0,new-york-giants,2016
2258312,20985471,11072145,3473426,3168851,6687125,5646006,3300000,0,1170000,6800000,11317167,1450000,24284386,9848730,5466098,477589,4769470,175423,9648242,20138482,0,600000,0,0,dallas-cowboys,2016
1704397,19065133,6069187,17213955,3968750,13074291,11525916,901666,0,897500,6243750,11147966,1088456,17180000,8703921,4563800,567300,2558667,812465,8307699,19392461,0,483087,0,0,los-angeles-chargers,2016
1782834,22496314,12124049,2989245,4677600,3328665,6488945,600000,0,1217597,11274081,22918404,1220002,7011158,8568470,954064,476588,6624469,122301,7146855,24734830,0,456657,0,0,denver-broncos,2016
7700000,19832100,8507129,9412409,9025282,15187487,5919587,3960000,0,1177500,6100000,21138812,5050000,4631343,2919848,8656612,1280433,2985785,95457,6090196,19403102,0,5262014,0,0,las-vegas-raiders,2016
1075862,6279818,11650952,6387671,14466778,9428313,8401606,1050667,15000,531667,6861536,24979492,4450000,20336235,8213239,4168750,46900,637500,69000,4923789,16203505,0,2333000,0,0,kansas-city-chiefs,2016
2118913,17573060,18069131,22685358,4712095,8828730,1460244,525000,0,675000,5375000,10649086,2150000,10864198,6370703,7628469,451666,2523139,610204,12671547,14517674,0,0,0,0,jacksonville-jaguars,2016
3075536,17515228,6492121,4229359,4537599,7054484,6593663,3250000,0,800000,10057310,19519544,2700000,20212049,5736457,6992329,1723612,2659375,451333,11263432,17618912,0,0,0,0,indianapolis-colts,2016
4197667,19877850,2957763,14038485,5080566,11523225,8168867,2467666,0,1068000,3132274,16506017,2700000,7730998,9610342,6226048,6666,6811474,118633,10982780,16597973,0,659429,0,0,tennessee-titans,2016
3915647,20765732,17570295,7065171,4626519,8938528,14132934,1130000,0,875000,12278363,14368283,1800000,14412646,10322865,6228066,434522,2450000,71000,2872230,7157027,0,646140,0,0,houston-texans,2016
710873,26517972,9304262,5555780,1849281,8855090,9053133,816737,0,525000,9500000,8832269,1700000,16050704,3226737,94905,1295781,5180602,2570868,4110912,13907557,0,563678,0,0,cleveland-browns,2016
1316448,21114165,13417174,17886772,5075334,13652270,10888947,1638909,0,1055880,11087545,4886388,3020000,14200413,7699481,1090000,465887,4792311,5000,3976411,18148577,0,978334,0,0,cincinnati-bengals,2016
5333006,23152695,3383958,4731289,6230418,6500527,9284063,3500000,0,940000,5972723,17084722,3100000,24164034,6247412,2312140,0,3890997,1263104,7685554,15432655,0,750146,0,0,baltimore-ravens,2016
12697334,11266715,12330321,2000091,5787566,8023000,20534883,1717411,0,680000,2187500,10562926,525000,25777805,5102708,4825607,0,1531373,829793,7434862,17080078,0,525000,0,0,pittsburgh-steelers,2016
9200000,29699735,18224792,6225012,2866100,6112125,11393147,3344999,180621,932500,10541600,3113019,470614,10107897,6081960,6830000,200580,5807346,563291,3014095,23130704,0,43162,0,0,new-york-jets,2016
5346903,16536554,16641572,22711354,6689473,7392430,3710817,2757942,0,1119600,6200000,4006534,603334,10292562,10628804,3289469,529146,7824411,300691,8210829,15933738,0,1614411,0,0,buffalo-bills,2016
10395131,17101647,23503932,17663894,4127706,4197600,1884473,561140,0,1215000,13235997,9794252,1295333,13381397,2834047,2550565,136870,8600000,42734,10775358,8090271,0,0,0,0,miami-dolphins,2016
725150,4875904,4501906,8349195,6859500,4546740,5493059,4100000,107919,587500,10322666,24273039,1700000,15245534,4604912,10200002,27600,5883734,846892,14556587,19034249,0,832800,0,0,new-england-patriots,2016
2012018,9742017,11423970,7356670,2641306,6610036,10775428,4134000,0,811668,7600000,11232656,983550,17315803,5246310,7226761,0,8414559,1666,7375717,13775955,0,2060369,0,0,san-francisco-49ers,2015
2397373,4564048,21497375,10268308,5266778,10827824,9593021,800071,39933,850000,7685078,20401076,2373773,8842459,5528479,1136094,0,627398,389323,14149774,11906038,0,1542667,0,0,los-angeles-rams,2015
4369253,20094908,18315533,10863092,8078373,3309752,3930104,3325000,20966,845833,7356254,9906052,1500000,8559535,10386391,546948,0,6117765,2000,10649742,17891906,0,1295192,0,0,seattle-seahawks,2015
3860000,22537974,22862428,6498553,3881306,15829310,10474683,510500,0,665000,2512440,3994879,1127500,11860495,2813367,10635784,0,588368,0,5456256,18599133,0,0,0,0,arizona-cardinals,2015
5889169,8923366,10978792,23997862,6625018,12639570,8621284,672058,58784,510000,4129829,8363107,435000,5965886,4707403,5225900,1284188,736385,0,4572583,18629013,0,602085,0,0,tampa-bay-buccaneers,2015
3066411,10765739,7981026,4775473,7837560,17160034,9057091,593087,20200,875000,1293535,13316617,3468823,25361919,6302704,3260000,0,3688701,22433,13069546,10312540,0,985588,0,0,new-orleans-saints,2015
3595930,5525254,13782793,8964557,435000,15188182,594961,3033553,0,760000,8393978,8012150,3355667,20583674,3448854,1258868,1283348,8196424,17954,2980931,25782820,0,1041167,0,0,atlanta-falcons,2015
11802600,5317774,24718721,6810637,2914392,5066321,7994843,3100000,0,1029411,1150000,9941383,680003,15429000,14331913,3647155,250000,5245000,112200,9180523,13082238,0,3426333,0,0,carolina-panthers,2015
1360979,12047586,14068855,4635960,1000611,14896130,2702157,3600500,0,1105029,1366180,20382074,570738,17837009,11809236,107688,0,7864116,4832,7529461,18623587,0,0,0,0,chicago-bears,2015
1239056,9032832,11918112,22938386,5344605,5614310,7728223,1484568,0,665000,2992927,5984690,625075,18680784,9172152,1036431,553794,3459671,386466,7766321,26106302,0,486089,0,0,detroit-lions,2015
1245227,11936074,17106229,7241173,3334338,14019153,2923575,3550000,0,1027426,811050,22258983,1340000,19943242,4085073,5110750,1334,8895777,666,3351625,12577743,0,1096599,0,0,green-bay-packers,2015
8107647,14852141,16213253,10327886,2808254,6870891,2379934,2239483,99500,885000,6623644,9643496,631048,5269861,16961617,8289996,0,2920916,50906,8960790,22298549,0,587667,0,0,minnesota-vikings,2015
4713676,25893869,12199431,2534431,1375263,3878435,5052738,2500000,112200,1121000,5592922,9620160,1001334,20033330,4321246,7689156,174036,3936300,20688,8398713,16795702,0,851868,0,0,dallas-cowboys,2015
5322689,17957555,19097382,3787206,1964526,8175391,6288459,1350000,74824,1363235,8106700,5403394,1410000,15247400,7418573,4627890,6668,2406763,46400,2233780,15211352,0,821235,0,0,new-york-giants,2015
5436548,15817587,11348923,7259113,11153710,7098912,4827359,849333,0,1070000,9050000,16121963,2083499,17678289,15049733,5933282,317524,66200,703925,6911753,11547543,0,0,0,0,philadelphia-eagles,2015
6223956,12387521,9067376,17998975,5035874,9373298,5557929,615891,333,1112500,11110388,11846440,510000,8880385,3557763,729394,0,2510848,783033,6170598,24777096,0,1539934,0,0,washington-commanders,2015
1861342,9897445,2053567,11403137,12037695,10933431,9862558,811666,0,882500,4810000,7935853,4354767,23156468,13063195,2270835,160969,2895618,466168,11602189,10302119,0,53133,0,0,los-angeles-chargers,2015
13786504,5210403,11939796,11964709,7354321,1355007,9972926,3610000,0,1230735,7151334,9108159,1542000,3422230,4730917,8892621,621300,13035905,76658,4945566,12685909,0,4434838,0,0,las-vegas-raiders,2015
941237,14462240,9714985,3791688,11923313,6497022,9614126,1528166,0,438333,7519481,13432156,3800000,21476940,9737958,1866734,660667,1865334,118200,4530012,16025689,0,1500000,0,0,kansas-city-chiefs,2015
1263116,12973498,5639753,4565305,2590674,11291804,3496824,1322500,0,845000,13364752,21055781,2350000,19162729,2533187,653967,0,9626134,200499,8383830,23103076,0,676470,0,0,denver-broncos,2015
1110413,15890810,5995703,16531308,8716301,6763135,6097757,1920333,26400,828000,2610228,14413076,2000000,6573620,6539246,7320564,503658,4417109,0,11481161,8354420,0,569429,0,0,tennessee-titans,2015
3688913,9101327,29566019,10474130,3023968,11982119,775511,2322500,0,585834,795000,12924453,875480,8252909,6234339,8471235,0,2860513,176666,16638668,7380820,0,0,0,0,jacksonville-jaguars,2015
1203693,20227458,7043234,9450349,4400082,7875402,9971144,2750000,0,1300000,6860662,23023759,3200000,11262716,6293346,3387796,3295117,3855000,0,4164862,13837557,0,0,0,0,indianapolis-colts,2015
4077020,22839893,17597841,3766013,5042613,4304029,12232098,644761,0,938750,11601634,9656290,2083334,9871277,10932094,5310450,0,1061602,7600,5503216,14402931,0,529670,0,0,houston-texans,2015
8173011,25087207,13130301,3190202,3485129,5852566,9466881,435000,0,435000,10679334,14277928,2050000,7126958,3155362,2250067,0,7426870,991946,6550390,15446076,0,437332,0,0,cleveland-browns,2015
3151828,17295689,4963926,12007076,2095102,9042144,8541255,2356000,6000,665000,7706600,13314881,2401000,17071742,12598161,1450256,0,4846591,794155,8801956,11447542,0,660146,0,0,baltimore-ravens,2015
6340486,13384416,2629754,12359871,4177578,4647840,13895896,5483647,0,665000,3433999,15771662,435000,20371473,4305655,4941591,4500000,1569757,39410,6267441,11669848,0,1970117,0,0,pittsburgh-steelers,2015
1135280,17952680,10206345,16469292,6357241,14439934,11655210,1950833,0,900000,9670035,10314158,2770000,10411177,4067975,953334,3667,1205477,5000,3456137,19365078,0,624658,0,0,cincinnati-bengals,2015
8346201,16069584,19416364,15116340,3753232,1945107,2903596,471140,0,1180000,10980882,14967326,1305333,7500698,3523774,3655721,174663,8206694,666,6483556,18878059,0,0,0,0,miami-dolphins,2015
6983458,12663289,26040121,18513988,5678463,5720230,1953502,2902911,0,1047500,1548012,8418674,511666,6096100,10373724,2415992,82534,4528823,0,7453831,13659354,0,1750000,0,0,buffalo-bills,2015
10753300,33201427,11561764,6625538,3779121,4913969,10643638,1773921,265563,877500,11698666,6202904,619411,5311417,8153162,6381334,3500,3766794,0,4265589,21610252,0,601562,0,0,new-york-jets,2015
3494794,14569990,2567703,7768254,7096997,6220305,7656439,3600000,49173,477500,5604666,17000534,1085500,14826795,3992831,9747334,3334,4787484,652946,12528673,16814594,0,770576,0,0,new-england-patriots,2015
5225099,9664498,24720242,6251570,2807009,7154650,13134785,617756,402353,745000,13134986,4151989,724884,20328431,3658081,1081524,667,536065,0,8160167,7953708,0,573667,0,0,los-angeles-rams,2014
1446908,8174107,14281193,5644439,1348438,9840797,12450618,2000000,0,571666,3522622,11051057,2400000,6350030,8760022,8987097,769216,6632777,0,9545079,15935069,0,1763159,0,33529,san-francisco-49ers,2014
4125000,16508356,22691527,5046678,3044738,10725794,7162467,420500,0,1091668,7108047,9035743,1701864,15946599,3583290,3887361,598035,498366,0,5036929,15015983,0,0,0,0,arizona-cardinals,2014
7372444,6382220,20625653,11627098,8010309,4373132,3564923,1700000,0,887500,11538171,8084141,1400000,2069635,9620288,753833,0,7910197,102335,6771775,16763695,0,876734,0,0,seattle-seahawks,2014
3725995,13538164,12561775,26806970,9600150,14333327,7153498,420000,12600,420000,6681935,3420744,3256300,5701716,3567170,2412017,784888,513900,2667,4347448,17259140,0,470664,0,125824,tampa-bay-buccaneers,2014
3400042,6686223,6586508,9655322,799129,12087149,5158848,3312500,0,670834,9394710,12953316,1169950,18576474,7441827,5403736,987277,6269314,0,2998912,18789995,0,667429,0,0,atlanta-falcons,2014
792824,11292483,5683582,4415667,5943802,21176200,9431428,1603667,0,860000,1116614,8251926,3235000,19147100,5953212,2694300,0,6901193,3334,6369253,15310949,0,1589700,0,0,new-orleans-saints,2014
8349000,2922850,26576529,6936413,1266367,5073291,12728293,1751334,0,980000,2558000,8332775,589670,9000142,11726505,2455358,1806825,5371726,738000,9884133,11001212,0,3351000,0,0,carolina-panthers,2014
2348335,12601898,13153368,4118659,2101175,13427211,3703415,2734118,0,570000,482028,17170622,1248661,19372685,10920070,1138171,701753,2282703,421666,7859380,14527950,0,548776,0,0,chicago-bears,2014
5178433,8097106,15141395,12303439,2433623,8353867,2270050,599483,0,1270000,5491873,11510115,541048,10387128,16617891,6552271,302500,2489429,0,7261454,10651259,0,2567765,0,0,minnesota-vikings,2014
2225168,5959395,11850812,27483282,4057500,5313487,6562447,567209,3334,635000,2182767,6578050,535075,17032334,7679294,2805008,1500,2080000,0,5563124,21434492,0,1842500,0,0,detroit-lions,2014
1506794,19265935,6686469,7800459,1528691,12410265,6364196,3400000,0,836250,715950,24100915,1240000,19278250,3145561,5986224,150958,6130497,0,2946933,9491020,0,1051875,0,0,green-bay-packers,2014
6246631,8057186,13431834,12309981,570000,7530456,7350812,585062,0,912500,13636127,17984664,582500,7085926,2878492,573747,713735,3580615,570000,4042202,22401534,0,1367708,0,0,washington-commanders,2014
6424291,10411183,15672689,3028850,3364813,12035922,6776244,1350000,0,1150000,8356900,2962710,1975000,21138400,5394441,880287,26845,13602815,0,3040324,13023236,0,1022600,0,297648,new-york-giants,2014
3601614,13327501,6293556,4721227,7251672,13715046,8141198,526693,0,1055000,8292000,14707121,1341667,3784737,12492480,5185950,557590,1814258,473878,5735445,17778169,0,3985000,0,0,philadelphia-eagles,2014
4736236,21924138,8067045,11738041,1157183,5716430,3085571,1700000,12600,1005500,5590972,17117352,645666,13470834,2923886,8924999,664453,2000000,0,10198849,8515951,0,1031003,0,667,dallas-cowboys,2014
2012981,11684905,14411666,3961629,403945,6336779,7323652,3066300,668,1077500,6850666,6934170,570334,12434866,7044596,6102672,7978050,10950471,0,2174340,8569428,0,4552838,0,0,las-vegas-raiders,2014
8468506,11120586,1620606,6015001,11359422,8623018,6449459,1700000,2000,842500,3075000,13025036,4136588,17935283,8854687,166016,168469,1755266,4000000,9317425,14768524,0,833333,0,0,los-angeles-chargers,2014
1115577,13313621,10705130,4080907,14329578,3954006,7433517,1179416,0,601300,6296552,17330517,3800000,8839702,11562195,1013433,542471,868824,56118,5647298,18843783,0,1204010,0,0,kansas-city-chiefs,2014
2054850,16676962,4209723,6170862,2105253,13746398,3723317,1428800,0,577633,10832166,16905486,3250000,18642479,4155945,1091082,812484,4992258,0,4453392,19311436,0,0,0,0,denver-broncos,2014
3175270,11023935,4365312,11821462,8747628,12218847,6342230,1337333,0,576667,9198476,10835595,1469375,6916874,10993542,3801448,5027560,506474,0,8405468,10149254,0,688800,0,0,tennessee-titans,2014
1646915,5409348,25736115,7761399,1736453,15086079,843382,4187500,3600000,495833,2174500,15975118,770523,11503449,5811894,1672667,0,3220739,570000,10945677,8806916,0,1229867,0,0,jacksonville-jaguars,2014
8367462,18889326,8891956,1654422,3025232,2588507,7835834,621827,0,793750,9803363,7448069,2083333,15453912,9880185,2790155,4739334,574394,0,6245677,19917004,0,439670,0,0,houston-texans,2014
2659195,13344793,7441187,12566130,4400000,7475060,6366876,2254667,303000,570000,3274971,17304076,2950000,9791754,4414556,5465890,5395255,1278334,0,2943427,13054104,0,472746,0,0,indianapolis-colts,2014
10754100,18438903,6229080,12059950,1065500,4011330,11622742,767158,0,676005,13885333,14085277,495000,7171107,9972194,2296907,973818,4251666,0,4703584,11400166,0,541394,0,0,cleveland-browns,2014
2566911,12526654,5405730,17323205,1857829,10414251,6996598,570000,0,1137705,4224900,13022286,2800500,15604445,8310096,1907521,2767292,3038113,546504,4851711,7804123,0,1194246,0,0,baltimore-ravens,2014
2302036,17924841,14026039,17413105,5085075,12048676,7499995,1400000,0,760000,6200000,7104753,2321667,11003123,4256730,1112647,205167,1448986,0,7933994,11062610,0,532658,0,0,cincinnati-bengals,2014
6080933,13540297,4521494,5062136,2803167,8721088,16318763,1762500,0,636000,1959358,18605702,421667,21334804,3088939,2822802,6494600,1624199,0,7876590,7702608,0,570000,0,0,pittsburgh-steelers,2014
7922198,15561123,4313499,5102866,2274201,3759490,9320694,3600000,0,795000,11700000,7580879,495000,10289235,6310537,3552324,1825000,260761,0,3419389,19438707,0,824191,0,0,new-york-jets,2014
4977692,12187279,20693286,4662571,4592745,6090177,4549196,531140,0,975087,4275400,19020470,3586116,9014112,5683788,4919169,6966,4684633,5000,3075706,28922131,0,3334,0,0,miami-dolphins,2014
6103334,10004776,26075717,14686998,3577927,6441867,5035916,3635500,0,1234167,2075844,8248282,420000,13628152,11576538,4856301,108766,6226370,0,3404399,19838408,0,505608,0,0,buffalo-bills,2014
2165917,15698770,1090996,12745715,6058562,9529010,8396622,3800000,0,750934,2717429,10067322,495500,15613305,4029926,5929800,1622101,2955035,500146,15189600,14385145,0,580001,0,0,new-england-patriots,2014
